{"cameraMode":{"drawMode":0,"name":"Shaded","section":"Shading Mode"},"sceneLighting":true,"audioPlay":false,"sceneViewState":{"showFog":true,"showMaterialUpdate":false,"showSkybox":true,"showFlares":true,"showImageEffects":true,"showParticleSystems":true},"in2DMode":false,"pivot":{"x":-5.49267578125,"y":1.087158203125,"z":-22.66796875},"rotation":{"x":-0.01759267784655094,"y":-0.21109284460544587,"z":0.0038048881106078626,"w":-0.977340579032898},"size":25.00847625732422,"orthographic":true}