{"cameraMode":{"drawMode":0,"name":"Shaded","section":"Shading Mode"},"sceneLighting":false,"audioPlay":false,"sceneViewState":{"showFog":true,"showMaterialUpdate":false,"showSkybox":false,"showFlares":true,"showImageEffects":true,"showParticleSystems":true},"in2DMode":false,"pivot":{"x":11.399999618530274,"y":1.781999945640564,"z":-31.118000030517579},"rotation":{"x":0.07072171568870545,"y":0.7247459292411804,"z":-0.07532024383544922,"w":0.6812752485275269},"size":1.428942322731018,"orthographic":true}