{"cameraMode":{"drawMode":0,"name":"Shaded","section":"Shading Mode"},"sceneLighting":false,"audioPlay":false,"sceneViewState":{"showFog":true,"showMaterialUpdate":false,"showSkybox":false,"showFlares":true,"showImageEffects":true,"showParticleSystems":true},"in2DMode":false,"pivot":{"x":11.920000076293946,"y":2.0,"z":-32.54999923706055},"rotation":{"x":-0.01759267784655094,"y":-0.21109284460544587,"z":0.0038048881106078626,"w":-0.977340579032898},"size":4.041658401489258,"orthographic":true}