{"cameraMode":{"drawMode":0,"name":"Shaded","section":"Shading Mode"},"sceneLighting":true,"audioPlay":false,"sceneViewState":{"showFog":true,"showMaterialUpdate":false,"showSkybox":true,"showFlares":true,"showImageEffects":true,"showParticleSystems":true},"in2DMode":false,"pivot":{"x":11.023711204528809,"y":4.302000045776367,"z":13.14645004272461},"rotation":{"x":0.11891215294599533,"y":0.8811025023460388,"z":-0.32443302869796755,"w":0.32292652130126955},"size":22.0,"orthographic":false}