{"cameraMode":{"drawMode":0,"name":"Shaded","section":"Shading Mode"},"sceneLighting":true,"audioPlay":false,"sceneViewState":{"showFog":true,"showMaterialUpdate":false,"showSkybox":true,"showFlares":true,"showImageEffects":true,"showParticleSystems":true},"in2DMode":false,"pivot":{"x":24.6961612701416,"y":8.781282424926758,"z":8.126136779785157},"rotation":{"x":0.03728548809885979,"y":0.4060571491718292,"z":-0.01656273938715458,"w":0.9129578471183777},"size":12.98983383178711,"orthographic":false}