{"cameraMode":{"drawMode":0,"name":"Shaded","section":"Shading Mode"},"sceneLighting":true,"audioPlay":false,"sceneViewState":{"showFog":true,"showMaterialUpdate":false,"showSkybox":true,"showFlares":true,"showImageEffects":true,"showParticleSystems":true},"in2DMode":false,"pivot":{"x":36.535362243652347,"y":13.573782920837403,"z":19.28911590576172},"rotation":{"x":0.12619765102863313,"y":0.867942214012146,"z":-0.28172510862350466,"w":0.38919198513031008},"size":15.8948974609375,"orthographic":false}