{"cameraMode":{"drawMode":0,"name":"Shaded","section":"Shading Mode"},"sceneLighting":true,"audioPlay":false,"sceneViewState":{"showFog":true,"showMaterialUpdate":false,"showSkybox":true,"showFlares":true,"showImageEffects":true,"showParticleSystems":true},"in2DMode":false,"pivot":{"x":11.80433177947998,"y":18.694429397583009,"z":25.63467788696289},"rotation":{"x":0.003010653890669346,"y":0.3915548324584961,"z":-0.0013790109660476447,"w":0.9201976656913757},"size":18.600648880004884,"orthographic":false}