{"cameraMode":{"drawMode":0,"name":"Shaded","section":"Shading Mode"},"sceneLighting":true,"audioPlay":false,"sceneViewState":{"showFog":true,"showMaterialUpdate":false,"showSkybox":true,"showFlares":true,"showImageEffects":true,"showParticleSystems":true},"in2DMode":false,"pivot":{"x":0.0006894469261169434,"y":-0.0045119524002075199,"z":0.0},"rotation":{"x":-0.09480103105306626,"y":-0.8833449482917786,"z":0.41145870089530947,"w":-0.2035616636276245},"size":4.858412265777588,"orthographic":false}