{"cameraMode":{"drawMode":0,"name":"Shaded","section":"Shading Mode"},"sceneLighting":false,"audioPlay":false,"sceneViewState":{"showFog":true,"showMaterialUpdate":false,"showSkybox":false,"showFlares":true,"showImageEffects":true,"showParticleSystems":true},"in2DMode":false,"pivot":{"x":22.719999313354493,"y":15.970001220703125,"z":9.65999984741211},"rotation":{"x":0.0918155163526535,"y":0.09841831028461456,"z":-0.009119554422795773,"w":0.990864634513855},"size":3.7770230770111086,"orthographic":true}