{"cameraMode":{"drawMode":0,"name":"Shaded","section":"Shading Mode"},"sceneLighting":false,"audioPlay":false,"sceneViewState":{"showFog":true,"showMaterialUpdate":false,"showSkybox":false,"showFlares":true,"showImageEffects":true,"showParticleSystems":true},"in2DMode":false,"pivot":{"x":25.634998321533204,"y":19.216754913330079,"z":34.531761169433597},"rotation":{"x":0.1897488683462143,"y":0.19874916970729829,"z":-0.03925543650984764,"w":0.9607067704200745},"size":84.67391967773438,"orthographic":true}