{"cameraMode":{"drawMode":0,"name":"Shaded","section":"Shading Mode"},"sceneLighting":false,"audioPlay":false,"sceneViewState":{"showFog":true,"showMaterialUpdate":false,"showSkybox":false,"showFlares":true,"showImageEffects":true,"showParticleSystems":true},"in2DMode":false,"pivot":{"x":12.301819801330567,"y":1.1110405921936036,"z":-33.028358459472659},"rotation":{"x":0.25743213295936587,"y":-0.727958619594574,"z":0.3559668958187103,"w":0.52642822265625},"size":29.20478630065918,"orthographic":false}