{"cameraMode":{"drawMode":0,"name":"Shaded","section":"Shading Mode"},"sceneLighting":true,"audioPlay":false,"sceneViewState":{"showFog":true,"showMaterialUpdate":false,"showSkybox":true,"showFlares":true,"showImageEffects":true,"showParticleSystems":true},"in2DMode":false,"pivot":{"x":122.39544677734375,"y":0.5983486175537109,"z":151.80682373046876},"rotation":{"x":0.25914594531059267,"y":-0.2693401575088501,"z":0.07550223171710968,"w":0.9244472980499268},"size":20.313892364501954,"orthographic":false}