{"cameraMode":{"drawMode":0,"name":"Shaded","section":"Shading Mode"},"sceneLighting":true,"audioPlay":false,"sceneViewState":{"showFog":true,"showMaterialUpdate":false,"showSkybox":true,"showFlares":true,"showImageEffects":true,"showParticleSystems":true},"in2DMode":false,"pivot":{"x":120.11199951171875,"y":0.7970000505447388,"z":153.2760009765625},"rotation":{"x":-0.10737460851669312,"y":0.22262755036354066,"z":-0.024678582325577737,"w":-0.9686586856842041},"size":36.18776321411133,"orthographic":true}